-- phpMyAdmin SQL Dump
-- version 4.7.4
-- https://www.phpmyadmin.net/
--
-- Host: 127.0.0.1
-- Generation Time: May 03, 2018 at 05:41 AM
-- Server version: 10.1.30-MariaDB
-- PHP Version: 7.2.1

SET SQL_MODE = "NO_AUTO_VALUE_ON_ZERO";
SET AUTOCOMMIT = 0;
START TRANSACTION;
SET time_zone = "+00:00";


/*!40101 SET @OLD_CHARACTER_SET_CLIENT=@@CHARACTER_SET_CLIENT */;
/*!40101 SET @OLD_CHARACTER_SET_RESULTS=@@CHARACTER_SET_RESULTS */;
/*!40101 SET @OLD_COLLATION_CONNECTION=@@COLLATION_CONNECTION */;
/*!40101 SET NAMES utf8mb4 */;

--
-- Database: `mato_db`
--

-- --------------------------------------------------------

--
-- Table structure for table `ci_sessions`
--

CREATE TABLE `ci_sessions` (
  `id` varchar(40) COLLATE utf8mb4_unicode_ci NOT NULL,
  `ip_address` varchar(45) COLLATE utf8mb4_unicode_ci NOT NULL,
  `timestamp` int(10) UNSIGNED NOT NULL DEFAULT '0',
  `data` blob NOT NULL
) ENGINE=InnoDB DEFAULT CHARSET=utf8mb4 COLLATE=utf8mb4_unicode_ci;

--
-- Dumping data for table `ci_sessions`
--

INSERT INTO `ci_sessions` (`id`, `ip_address`, `timestamp`, `data`) VALUES
('02aab5927fd9n6548hfcqni5nrcei11a', '::1', 1524849326, 0x5f5f63695f6c6173745f726567656e65726174657c693a313532343834393332363b6964656e746974797c733a31353a2261646d696e4061646d696e2e636f6d223b656d61696c7c733a31353a2261646d696e4061646d696e2e636f6d223b757365725f69647c733a313a2231223b6f6c645f6c6173745f6c6f67696e7c733a31303a2231353234383132363133223b6c6173745f636865636b7c693a313532343834393332363b),
('27o9c8qnn3rebfed8h9imdapum3mc29m', '::1', 1525233061, 0x5f5f63695f6c6173745f726567656e65726174657c693a313532353233333036313b6964656e746974797c733a31353a2261646d696e4061646d696e2e636f6d223b656d61696c7c733a31353a2261646d696e4061646d696e2e636f6d223b757365725f69647c733a313a2231223b6f6c645f6c6173745f6c6f67696e7c733a31303a2231353235313936383730223b6c6173745f636865636b7c693a313532353232383238363b),
('2b1jfec5ncuhs5fu1c9cut43v60fii18', '::1', 1525233682, 0x5f5f63695f6c6173745f726567656e65726174657c693a313532353233333638323b6964656e746974797c733a31353a2261646d696e4061646d696e2e636f6d223b656d61696c7c733a31353a2261646d696e4061646d696e2e636f6d223b757365725f69647c733a313a2231223b6f6c645f6c6173745f6c6f67696e7c733a31303a2231353235313936383730223b6c6173745f636865636b7c693a313532353232383238363b),
('2rop2ie0tpnu0asm14qge29kjt2t672t', '::1', 1525197503, 0x5f5f63695f6c6173745f726567656e65726174657c693a313532353139373530333b6964656e746974797c733a31353a2261646d696e4061646d696e2e636f6d223b656d61696c7c733a31353a2261646d696e4061646d696e2e636f6d223b757365725f69647c733a313a2231223b6f6c645f6c6173745f6c6f67696e7c733a31303a2231353234383439333236223b6c6173745f636865636b7c693a313532353139363837303b),
('43bmh29gqu2cnrh470shsjcgms3sqigi', '::1', 1525316905, 0x5f5f63695f6c6173745f726567656e65726174657c693a313532353331363930353b6964656e746974797c733a31353a2261646d696e4061646d696e2e636f6d223b656d61696c7c733a31353a2261646d696e4061646d696e2e636f6d223b757365725f69647c733a313a2231223b6f6c645f6c6173745f6c6f67696e7c733a31303a2231353235323436383739223b6c6173745f636865636b7c693a313532353331363930353b),
('48dcs4281i2orimm2pr7vrpaljt17qd4', '::1', 1525232720, 0x5f5f63695f6c6173745f726567656e65726174657c693a313532353233323732303b6964656e746974797c733a31353a2261646d696e4061646d696e2e636f6d223b656d61696c7c733a31353a2261646d696e4061646d696e2e636f6d223b757365725f69647c733a313a2231223b6f6c645f6c6173745f6c6f67696e7c733a31303a2231353235313936383730223b6c6173745f636865636b7c693a313532353232383238363b),
('58grebskus8814csqqc8gh4hheafeepe', '::1', 1524813586, 0x5f5f63695f6c6173745f726567656e65726174657c693a313532343831333538363b6964656e746974797c733a31353a2261646d696e4061646d696e2e636f6d223b656d61696c7c733a31353a2261646d696e4061646d696e2e636f6d223b757365725f69647c733a313a2231223b6f6c645f6c6173745f6c6f67696e7c733a31303a2231353234373936383237223b6c6173745f636865636b7c693a313532343831323631333b),
('67uksl3ppkblin7l9nq179o800e2e4gd', '::1', 1524817540, 0x5f5f63695f6c6173745f726567656e65726174657c693a313532343831373534303b6964656e746974797c733a31353a2261646d696e4061646d696e2e636f6d223b656d61696c7c733a31353a2261646d696e4061646d696e2e636f6d223b757365725f69647c733a313a2231223b6f6c645f6c6173745f6c6f67696e7c733a31303a2231353234373936383237223b6c6173745f636865636b7c693a313532343831323631333b),
('6bpsg51435s3ta5m809gqccps0ga79os', '::1', 1525247337, 0x5f5f63695f6c6173745f726567656e65726174657c693a313532353234373333373b6964656e746974797c733a31353a2261646d696e4061646d696e2e636f6d223b656d61696c7c733a31353a2261646d696e4061646d696e2e636f6d223b757365725f69647c733a313a2231223b6f6c645f6c6173745f6c6f67696e7c733a31303a2231353235323238323836223b6c6173745f636865636b7c693a313532353234363837393b),
('6j3gfmo9hnikpo9edu0pikv24mn57mv3', '::1', 1525232028, 0x5f5f63695f6c6173745f726567656e65726174657c693a313532353233323032383b6964656e746974797c733a31353a2261646d696e4061646d696e2e636f6d223b656d61696c7c733a31353a2261646d696e4061646d696e2e636f6d223b757365725f69647c733a313a2231223b6f6c645f6c6173745f6c6f67696e7c733a31303a2231353235313936383730223b6c6173745f636865636b7c693a313532353232383238363b),
('6vhj3esku0113kbhtlpekqs9ja8epghg', '::1', 1525236612, 0x5f5f63695f6c6173745f726567656e65726174657c693a313532353233363631323b6964656e746974797c733a31353a2261646d696e4061646d696e2e636f6d223b656d61696c7c733a31353a2261646d696e4061646d696e2e636f6d223b757365725f69647c733a313a2231223b6f6c645f6c6173745f6c6f67696e7c733a31303a2231353235313936383730223b6c6173745f636865636b7c693a313532353232383238363b),
('74cb70ktgmhg3c8s0qfah0asadvteuhq', '::1', 1525318022, 0x5f5f63695f6c6173745f726567656e65726174657c693a313532353331383032323b6964656e746974797c733a31353a2261646d696e4061646d696e2e636f6d223b656d61696c7c733a31353a2261646d696e4061646d696e2e636f6d223b757365725f69647c733a313a2231223b6f6c645f6c6173745f6c6f67696e7c733a31303a2231353235323436383739223b6c6173745f636865636b7c693a313532353331363930353b),
('7v6e6jgmgi1lrpao7ddc5ddel4rjv4gd', '::1', 1524814909, 0x5f5f63695f6c6173745f726567656e65726174657c693a313532343831343930393b6964656e746974797c733a31353a2261646d696e4061646d696e2e636f6d223b656d61696c7c733a31353a2261646d696e4061646d696e2e636f6d223b757365725f69647c733a313a2231223b6f6c645f6c6173745f6c6f67696e7c733a31303a2231353234373936383237223b6c6173745f636865636b7c693a313532343831323631333b),
('8ehscu5rabpmkfif3tnj73hsj6g0m2a7', '::1', 1524856698, 0x5f5f63695f6c6173745f726567656e65726174657c693a313532343835363635363b6964656e746974797c733a31353a2261646d696e4061646d696e2e636f6d223b656d61696c7c733a31353a2261646d696e4061646d696e2e636f6d223b757365725f69647c733a313a2231223b6f6c645f6c6173745f6c6f67696e7c733a31303a2231353234383132363133223b6c6173745f636865636b7c693a313532343834393332363b),
('97u7lo24c9tvqm80ig8gkfvinl1ce2l6', '::1', 1524851442, 0x5f5f63695f6c6173745f726567656e65726174657c693a313532343835313434323b6964656e746974797c733a31353a2261646d696e4061646d696e2e636f6d223b656d61696c7c733a31353a2261646d696e4061646d696e2e636f6d223b757365725f69647c733a313a2231223b6f6c645f6c6173745f6c6f67696e7c733a31303a2231353234383132363133223b6c6173745f636865636b7c693a313532343834393332363b),
('996pnpijs71cqgmt6sqtms1bdq5ckqca', '::1', 1525318337, 0x5f5f63695f6c6173745f726567656e65726174657c693a313532353331383333373b6964656e746974797c733a31353a2261646d696e4061646d696e2e636f6d223b656d61696c7c733a31353a2261646d696e4061646d696e2e636f6d223b757365725f69647c733a313a2231223b6f6c645f6c6173745f6c6f67696e7c733a31303a2231353235323436383739223b6c6173745f636865636b7c693a313532353331363930353b),
('9kfekvam2d4l98h0997723qer3571nod', '::1', 1525235838, 0x5f5f63695f6c6173745f726567656e65726174657c693a313532353233353833383b6964656e746974797c733a31353a2261646d696e4061646d696e2e636f6d223b656d61696c7c733a31353a2261646d696e4061646d696e2e636f6d223b757365725f69647c733a313a2231223b6f6c645f6c6173745f6c6f67696e7c733a31303a2231353235313936383730223b6c6173745f636865636b7c693a313532353232383238363b),
('9pdqdrparthpe292si8rohbtfquvv5v0', '::1', 1524820981, 0x5f5f63695f6c6173745f726567656e65726174657c693a313532343832303938313b6964656e746974797c733a31353a2261646d696e4061646d696e2e636f6d223b656d61696c7c733a31353a2261646d696e4061646d696e2e636f6d223b757365725f69647c733a313a2231223b6f6c645f6c6173745f6c6f67696e7c733a31303a2231353234373936383237223b6c6173745f636865636b7c693a313532343831323631333b),
('an66p003s32idqeign12p3bjj49c6tfs', '::1', 1524813891, 0x5f5f63695f6c6173745f726567656e65726174657c693a313532343831333839313b6964656e746974797c733a31353a2261646d696e4061646d696e2e636f6d223b656d61696c7c733a31353a2261646d696e4061646d696e2e636f6d223b757365725f69647c733a313a2231223b6f6c645f6c6173745f6c6f67696e7c733a31303a2231353234373936383237223b6c6173745f636865636b7c693a313532343831323631333b),
('bt2lgijpd8i7763mt9bcebej4vohciif', '::1', 1525229433, 0x5f5f63695f6c6173745f726567656e65726174657c693a313532353232393433333b6964656e746974797c733a31353a2261646d696e4061646d696e2e636f6d223b656d61696c7c733a31353a2261646d696e4061646d696e2e636f6d223b757365725f69647c733a313a2231223b6f6c645f6c6173745f6c6f67696e7c733a31303a2231353235313936383730223b6c6173745f636865636b7c693a313532353232383238363b),
('e4je2948j69a3p6nncqmr6uflm74b4je', '::1', 1525197833, 0x5f5f63695f6c6173745f726567656e65726174657c693a313532353139373833333b6964656e746974797c733a31353a2261646d696e4061646d696e2e636f6d223b656d61696c7c733a31353a2261646d696e4061646d696e2e636f6d223b757365725f69647c733a313a2231223b6f6c645f6c6173745f6c6f67696e7c733a31303a2231353234383439333236223b6c6173745f636865636b7c693a313532353139363837303b),
('eoniqfsgrhsk6mkpaitouc1gj3vuug4r', '::1', 1525318552, 0x5f5f63695f6c6173745f726567656e65726174657c693a313532353331383333373b6964656e746974797c733a31353a2261646d696e4061646d696e2e636f6d223b656d61696c7c733a31353a2261646d696e4061646d696e2e636f6d223b757365725f69647c733a313a2231223b6f6c645f6c6173745f6c6f67696e7c733a31303a2231353235323436383739223b6c6173745f636865636b7c693a313532353331363930353b),
('fdl6hdd1083l45670vj0sb9r6dpq6rgt', '::1', 1524815291, 0x5f5f63695f6c6173745f726567656e65726174657c693a313532343831353239313b6964656e746974797c733a31353a2261646d696e4061646d696e2e636f6d223b656d61696c7c733a31353a2261646d696e4061646d696e2e636f6d223b757365725f69647c733a313a2231223b6f6c645f6c6173745f6c6f67696e7c733a31303a2231353234373936383237223b6c6173745f636865636b7c693a313532343831323631333b),
('fsk6oilir417l17o9pbjf7geebk5o0lu', '::1', 1525232417, 0x5f5f63695f6c6173745f726567656e65726174657c693a313532353233323431373b6964656e746974797c733a31353a2261646d696e4061646d696e2e636f6d223b656d61696c7c733a31353a2261646d696e4061646d696e2e636f6d223b757365725f69647c733a313a2231223b6f6c645f6c6173745f6c6f67696e7c733a31303a2231353235313936383730223b6c6173745f636865636b7c693a313532353232383238363b),
('gkrmsbga2etj5nrhkj4urf1op463u5oo', '::1', 1525246879, 0x5f5f63695f6c6173745f726567656e65726174657c693a313532353234363837393b6964656e746974797c733a31353a2261646d696e4061646d696e2e636f6d223b656d61696c7c733a31353a2261646d696e4061646d696e2e636f6d223b757365725f69647c733a313a2231223b6f6c645f6c6173745f6c6f67696e7c733a31303a2231353235323238323836223b6c6173745f636865636b7c693a313532353234363837393b),
('gljngk41g4tlej44qq11959efddqpquf', '::1', 1524818659, 0x5f5f63695f6c6173745f726567656e65726174657c693a313532343831383635393b6964656e746974797c733a31353a2261646d696e4061646d696e2e636f6d223b656d61696c7c733a31353a2261646d696e4061646d696e2e636f6d223b757365725f69647c733a313a2231223b6f6c645f6c6173745f6c6f67696e7c733a31303a2231353234373936383237223b6c6173745f636865636b7c693a313532343831323631333b6d6573736167655f737563636573737c733a32353a225468c3aa6d206de1bb9b69207468c3a06e682063c3b46e6721223b5f5f63695f766172737c613a313a7b733a31353a226d6573736167655f73756363657373223b733a333a226f6c64223b7d),
('gqdhnlaouirvgnh1jjjaa7soghje93qs', '::1', 1524850435, 0x5f5f63695f6c6173745f726567656e65726174657c693a313532343835303433353b6964656e746974797c733a31353a2261646d696e4061646d696e2e636f6d223b656d61696c7c733a31353a2261646d696e4061646d696e2e636f6d223b757365725f69647c733a313a2231223b6f6c645f6c6173745f6c6f67696e7c733a31303a2231353234383132363133223b6c6173745f636865636b7c693a313532343834393332363b),
('h5bd1umc5dmp4g1elj1rtf98o6sec1af', '::1', 1524823815, 0x5f5f63695f6c6173745f726567656e65726174657c693a313532343832333831353b6964656e746974797c733a31353a2261646d696e4061646d696e2e636f6d223b656d61696c7c733a31353a2261646d696e4061646d696e2e636f6d223b757365725f69647c733a313a2231223b6f6c645f6c6173745f6c6f67696e7c733a31303a2231353234373936383237223b6c6173745f636865636b7c693a313532343831323631333b),
('hv0hrh20rhav7lkgikifgq04kukuodr0', '::1', 1524814275, 0x5f5f63695f6c6173745f726567656e65726174657c693a313532343831343237353b6964656e746974797c733a31353a2261646d696e4061646d696e2e636f6d223b656d61696c7c733a31353a2261646d696e4061646d696e2e636f6d223b757365725f69647c733a313a2231223b6f6c645f6c6173745f6c6f67696e7c733a31303a2231353234373936383237223b6c6173745f636865636b7c693a313532343831323631333b),
('i8j1eaknalhpi00fsn2sfauo1u4aoe5i', '::1', 1524856355, 0x5f5f63695f6c6173745f726567656e65726174657c693a313532343835363335353b6964656e746974797c733a31353a2261646d696e4061646d696e2e636f6d223b656d61696c7c733a31353a2261646d696e4061646d696e2e636f6d223b757365725f69647c733a313a2231223b6f6c645f6c6173745f6c6f67696e7c733a31303a2231353234383132363133223b6c6173745f636865636b7c693a313532343834393332363b),
('jbd2rbh6ia5hci19nclcb5f7pi47om35', '::1', 1525228685, 0x5f5f63695f6c6173745f726567656e65726174657c693a313532353232383638353b6964656e746974797c733a31353a2261646d696e4061646d696e2e636f6d223b656d61696c7c733a31353a2261646d696e4061646d696e2e636f6d223b757365725f69647c733a313a2231223b6f6c645f6c6173745f6c6f67696e7c733a31303a2231353235313936383730223b6c6173745f636865636b7c693a313532353232383238363b),
('jmsl2fg6g1sm143ur9kg0r246colb6ad', '::1', 1525317632, 0x5f5f63695f6c6173745f726567656e65726174657c693a313532353331373633323b6964656e746974797c733a31353a2261646d696e4061646d696e2e636f6d223b656d61696c7c733a31353a2261646d696e4061646d696e2e636f6d223b757365725f69647c733a313a2231223b6f6c645f6c6173745f6c6f67696e7c733a31303a2231353235323436383739223b6c6173745f636865636b7c693a313532353331363930353b),
('k0mquot9snu1dir8unhies91aa4a7hi5', '::1', 1525196870, 0x5f5f63695f6c6173745f726567656e65726174657c693a313532353139363837303b6964656e746974797c733a31353a2261646d696e4061646d696e2e636f6d223b656d61696c7c733a31353a2261646d696e4061646d696e2e636f6d223b757365725f69647c733a313a2231223b6f6c645f6c6173745f6c6f67696e7c733a31303a2231353234383439333236223b6c6173745f636865636b7c693a313532353139363837303b),
('k64d69npeet1pgr37qhqs9e6g7c5c8g0', '::1', 1524823815, 0x5f5f63695f6c6173745f726567656e65726174657c693a313532343832333831353b6964656e746974797c733a31353a2261646d696e4061646d696e2e636f6d223b656d61696c7c733a31353a2261646d696e4061646d696e2e636f6d223b757365725f69647c733a313a2231223b6f6c645f6c6173745f6c6f67696e7c733a31303a2231353234373936383237223b6c6173745f636865636b7c693a313532343831323631333b),
('k8cucgerjjmmnq9v2kg5g9c7rgtuhegk', '::1', 1525198656, 0x5f5f63695f6c6173745f726567656e65726174657c693a313532353139383332313b6964656e746974797c733a31353a2261646d696e4061646d696e2e636f6d223b656d61696c7c733a31353a2261646d696e4061646d696e2e636f6d223b757365725f69647c733a313a2231223b6f6c645f6c6173745f6c6f67696e7c733a31303a2231353234383439333236223b6c6173745f636865636b7c693a313532353139363837303b),
('l95l42p4i0q7db1dhqnhiicbnu9vs2jt', '::1', 1525247882, 0x5f5f63695f6c6173745f726567656e65726174657c693a313532353234373739363b6964656e746974797c733a31353a2261646d696e4061646d696e2e636f6d223b656d61696c7c733a31353a2261646d696e4061646d696e2e636f6d223b757365725f69647c733a313a2231223b6f6c645f6c6173745f6c6f67696e7c733a31303a2231353235323238323836223b6c6173745f636865636b7c693a313532353234363837393b),
('lnvcosp0t0isv3qv48fe4kshk45uhoqa', '::1', 1524812613, 0x5f5f63695f6c6173745f726567656e65726174657c693a313532343831323631333b6964656e746974797c733a31353a2261646d696e4061646d696e2e636f6d223b656d61696c7c733a31353a2261646d696e4061646d696e2e636f6d223b757365725f69647c733a313a2231223b6f6c645f6c6173745f6c6f67696e7c733a31303a2231353234373936383237223b6c6173745f636865636b7c693a313532343831323631333b),
('lpmhvjde4vcag8h1oniqk64p22sqmk96', '::1', 1524820649, 0x5f5f63695f6c6173745f726567656e65726174657c693a313532343832303634393b6964656e746974797c733a31353a2261646d696e4061646d696e2e636f6d223b656d61696c7c733a31353a2261646d696e4061646d696e2e636f6d223b757365725f69647c733a313a2231223b6f6c645f6c6173745f6c6f67696e7c733a31303a2231353234373936383237223b6c6173745f636865636b7c693a313532343831323631333b),
('lqbod4pberh1sfsqdmdv3lj99onai6ln', '::1', 1525236291, 0x5f5f63695f6c6173745f726567656e65726174657c693a313532353233363239313b6964656e746974797c733a31353a2261646d696e4061646d696e2e636f6d223b656d61696c7c733a31353a2261646d696e4061646d696e2e636f6d223b757365725f69647c733a313a2231223b6f6c645f6c6173745f6c6f67696e7c733a31303a2231353235313936383730223b6c6173745f636865636b7c693a313532353232383238363b),
('m6h90hcf6u7m150o4bado5li44mgnl7c', '::1', 1525229119, 0x5f5f63695f6c6173745f726567656e65726174657c693a313532353232393131393b6964656e746974797c733a31353a2261646d696e4061646d696e2e636f6d223b656d61696c7c733a31353a2261646d696e4061646d696e2e636f6d223b757365725f69647c733a313a2231223b6f6c645f6c6173745f6c6f67696e7c733a31303a2231353235313936383730223b6c6173745f636865636b7c693a313532353232383238363b),
('mb3fqrmn6vs8pbivt462qpnr1aeoiqdh', '::1', 1524819977, 0x5f5f63695f6c6173745f726567656e65726174657c693a313532343831393937373b6964656e746974797c733a31353a2261646d696e4061646d696e2e636f6d223b656d61696c7c733a31353a2261646d696e4061646d696e2e636f6d223b757365725f69647c733a313a2231223b6f6c645f6c6173745f6c6f67696e7c733a31303a2231353234373936383237223b6c6173745f636865636b7c693a313532343831323631333b),
('mlvh9akdhrl3br9f7sr2v4uovcph8j47', '::1', 1524819642, 0x5f5f63695f6c6173745f726567656e65726174657c693a313532343831393634323b6964656e746974797c733a31353a2261646d696e4061646d696e2e636f6d223b656d61696c7c733a31353a2261646d696e4061646d696e2e636f6d223b757365725f69647c733a313a2231223b6f6c645f6c6173745f6c6f67696e7c733a31303a2231353234373936383237223b6c6173745f636865636b7c693a313532343831323631333b),
('obd5pvovd9hpht40nm1ja7j14gntb2g6', '::1', 1524814591, 0x5f5f63695f6c6173745f726567656e65726174657c693a313532343831343539313b6964656e746974797c733a31353a2261646d696e4061646d696e2e636f6d223b656d61696c7c733a31353a2261646d696e4061646d696e2e636f6d223b757365725f69647c733a313a2231223b6f6c645f6c6173745f6c6f67696e7c733a31303a2231353234373936383237223b6c6173745f636865636b7c693a313532343831323631333b),
('odqiec9ctqloic65g0kf1evtnk1sh7h0', '::1', 1524818973, 0x5f5f63695f6c6173745f726567656e65726174657c693a313532343831383937333b6964656e746974797c733a31353a2261646d696e4061646d696e2e636f6d223b656d61696c7c733a31353a2261646d696e4061646d696e2e636f6d223b757365725f69647c733a313a2231223b6f6c645f6c6173745f6c6f67696e7c733a31303a2231353234373936383237223b6c6173745f636865636b7c693a313532343831323631333b),
('pbopsnhpsansrae13l2pohj8fct76cpa', '::1', 1524851024, 0x5f5f63695f6c6173745f726567656e65726174657c693a313532343835313032343b6964656e746974797c733a31353a2261646d696e4061646d696e2e636f6d223b656d61696c7c733a31353a2261646d696e4061646d696e2e636f6d223b757365725f69647c733a313a2231223b6f6c645f6c6173745f6c6f67696e7c733a31303a2231353234383132363133223b6c6173745f636865636b7c693a313532343834393332363b),
('pmh1b963vrmjktdufs83bq0dl4ctknbh', '::1', 1525230314, 0x5f5f63695f6c6173745f726567656e65726174657c693a313532353233303331343b6964656e746974797c733a31353a2261646d696e4061646d696e2e636f6d223b656d61696c7c733a31353a2261646d696e4061646d696e2e636f6d223b757365725f69647c733a313a2231223b6f6c645f6c6173745f6c6f67696e7c733a31303a2231353235313936383730223b6c6173745f636865636b7c693a313532353232383238363b),
('pns68t0r5ai87oi9c2tdpv2jo89ngdj6', '::1', 1524813016, 0x5f5f63695f6c6173745f726567656e65726174657c693a313532343831333031363b6964656e746974797c733a31353a2261646d696e4061646d696e2e636f6d223b656d61696c7c733a31353a2261646d696e4061646d696e2e636f6d223b757365725f69647c733a313a2231223b6f6c645f6c6173745f6c6f67696e7c733a31303a2231353234373936383237223b6c6173745f636865636b7c693a313532343831323631333b),
('q4f7iupn5jp6pa7hp0utgrsjqm2smue0', '::1', 1525229734, 0x5f5f63695f6c6173745f726567656e65726174657c693a313532353232393733343b6964656e746974797c733a31353a2261646d696e4061646d696e2e636f6d223b656d61696c7c733a31353a2261646d696e4061646d696e2e636f6d223b757365725f69647c733a313a2231223b6f6c645f6c6173745f6c6f67696e7c733a31303a2231353235313936383730223b6c6173745f636865636b7c693a313532353232383238363b),
('qfgqm12di1e9ndu4obvl7t9hlb58tvno', '::1', 1525236612, 0x5f5f63695f6c6173745f726567656e65726174657c693a313532353233363631323b6964656e746974797c733a31353a2261646d696e4061646d696e2e636f6d223b656d61696c7c733a31353a2261646d696e4061646d696e2e636f6d223b757365725f69647c733a313a2231223b6f6c645f6c6173745f6c6f67696e7c733a31303a2231353235313936383730223b6c6173745f636865636b7c693a313532353232383238363b),
('r1iq09hkkirpkjc61q2mdq8r1uk1drvl', '::1', 1525247796, 0x5f5f63695f6c6173745f726567656e65726174657c693a313532353234373739363b6964656e746974797c733a31353a2261646d696e4061646d696e2e636f6d223b656d61696c7c733a31353a2261646d696e4061646d696e2e636f6d223b757365725f69647c733a313a2231223b6f6c645f6c6173745f6c6f67696e7c733a31303a2231353235323238323836223b6c6173745f636865636b7c693a313532353234363837393b),
('r6u7a6csl29cogv6rg99kuu5pf46jmi9', '::1', 1525231062, 0x5f5f63695f6c6173745f726567656e65726174657c693a313532353233313036323b6964656e746974797c733a31353a2261646d696e4061646d696e2e636f6d223b656d61696c7c733a31353a2261646d696e4061646d696e2e636f6d223b757365725f69647c733a313a2231223b6f6c645f6c6173745f6c6f67696e7c733a31303a2231353235313936383730223b6c6173745f636865636b7c693a313532353232383238363b),
('rcf5k0r79luad05id84i5dst9at5a219', '::1', 1524856656, 0x5f5f63695f6c6173745f726567656e65726174657c693a313532343835363635363b6964656e746974797c733a31353a2261646d696e4061646d696e2e636f6d223b656d61696c7c733a31353a2261646d696e4061646d696e2e636f6d223b757365725f69647c733a313a2231223b6f6c645f6c6173745f6c6f67696e7c733a31303a2231353234383132363133223b6c6173745f636865636b7c693a313532343834393332363b),
('sa2d5nics8j064m148sco17s8hcqggn7', '::1', 1525317331, 0x5f5f63695f6c6173745f726567656e65726174657c693a313532353331373333313b6964656e746974797c733a31353a2261646d696e4061646d696e2e636f6d223b656d61696c7c733a31353a2261646d696e4061646d696e2e636f6d223b757365725f69647c733a313a2231223b6f6c645f6c6173745f6c6f67696e7c733a31303a2231353235323436383739223b6c6173745f636865636b7c693a313532353331363930353b6d6573736167655f737563636573737c733a32353a225468c3aa6d206de1bb9b69207468c3a06e682063c3b46e6721223b5f5f63695f766172737c613a313a7b733a31353a226d6573736167655f73756363657373223b733a333a226f6c64223b7d),
('sv1k344q6370j0dr4877rlt70f6is0m9', '::1', 1525230633, 0x5f5f63695f6c6173745f726567656e65726174657c693a313532353233303633333b6964656e746974797c733a31353a2261646d696e4061646d696e2e636f6d223b656d61696c7c733a31353a2261646d696e4061646d696e2e636f6d223b757365725f69647c733a313a2231223b6f6c645f6c6173745f6c6f67696e7c733a31303a2231353235313936383730223b6c6173745f636865636b7c693a313532353232383238363b),
('t8cio454jf9akidm754l18et14r5oudk', '::1', 1524819274, 0x5f5f63695f6c6173745f726567656e65726174657c693a313532343831393237343b6964656e746974797c733a31353a2261646d696e4061646d696e2e636f6d223b656d61696c7c733a31353a2261646d696e4061646d696e2e636f6d223b757365725f69647c733a313a2231223b6f6c645f6c6173745f6c6f67696e7c733a31303a2231353234373936383237223b6c6173745f636865636b7c693a313532343831323631333b),
('tkuuvdv0rk97jv375bgt2d0vmcvnlu6h', '::1', 1524823484, 0x5f5f63695f6c6173745f726567656e65726174657c693a313532343832333438343b6964656e746974797c733a31353a2261646d696e4061646d696e2e636f6d223b656d61696c7c733a31353a2261646d696e4061646d696e2e636f6d223b757365725f69647c733a313a2231223b6f6c645f6c6173745f6c6f67696e7c733a31303a2231353234373936383237223b6c6173745f636865636b7c693a313532343831323631333b),
('trvohu26677h3aqhim3mrbgsndalj4fc', '::1', 1525233379, 0x5f5f63695f6c6173745f726567656e65726174657c693a313532353233333337393b6964656e746974797c733a31353a2261646d696e4061646d696e2e636f6d223b656d61696c7c733a31353a2261646d696e4061646d696e2e636f6d223b757365725f69647c733a313a2231223b6f6c645f6c6173745f6c6f67696e7c733a31303a2231353235313936383730223b6c6173745f636865636b7c693a313532353232383238363b),
('u9jo8uf91cf4ai67thkeu9u45ik952c5', '::1', 1525228286, 0x5f5f63695f6c6173745f726567656e65726174657c693a313532353232383238363b6964656e746974797c733a31353a2261646d696e4061646d696e2e636f6d223b656d61696c7c733a31353a2261646d696e4061646d696e2e636f6d223b757365725f69647c733a313a2231223b6f6c645f6c6173745f6c6f67696e7c733a31303a2231353235313936383730223b6c6173745f636865636b7c693a313532353232383238363b),
('uhjjjr6iai3vh09h6q334mhtknnqh7gn', '::1', 1524817896, 0x5f5f63695f6c6173745f726567656e65726174657c693a313532343831373839363b6964656e746974797c733a31353a2261646d696e4061646d696e2e636f6d223b656d61696c7c733a31353a2261646d696e4061646d696e2e636f6d223b757365725f69647c733a313a2231223b6f6c645f6c6173745f6c6f67696e7c733a31303a2231353234373936383237223b6c6173745f636865636b7c693a313532343831323631333b),
('uqr5r9r8ma2eeld7fjqg5cp9323o0n0j', '::1', 1524820348, 0x5f5f63695f6c6173745f726567656e65726174657c693a313532343832303334383b6964656e746974797c733a31353a2261646d696e4061646d696e2e636f6d223b656d61696c7c733a31353a2261646d696e4061646d696e2e636f6d223b757365725f69647c733a313a2231223b6f6c645f6c6173745f6c6f67696e7c733a31303a2231353234373936383237223b6c6173745f636865636b7c693a313532343831323631333b),
('vf13rhohg5plo7h6oaahh7b7fjqpnhq6', '::1', 1524818304, 0x5f5f63695f6c6173745f726567656e65726174657c693a313532343831383330343b6964656e746974797c733a31353a2261646d696e4061646d696e2e636f6d223b656d61696c7c733a31353a2261646d696e4061646d696e2e636f6d223b757365725f69647c733a313a2231223b6f6c645f6c6173745f6c6f67696e7c733a31303a2231353234373936383237223b6c6173745f636865636b7c693a313532343831323631333b),
('vl6ih7j15n2goo2m2m40rltakfq7rkp7', '::1', 1525198321, 0x5f5f63695f6c6173745f726567656e65726174657c693a313532353139383332313b6964656e746974797c733a31353a2261646d696e4061646d696e2e636f6d223b656d61696c7c733a31353a2261646d696e4061646d696e2e636f6d223b757365725f69647c733a313a2231223b6f6c645f6c6173745f6c6f67696e7c733a31303a2231353234383439333236223b6c6173745f636865636b7c693a313532353139363837303b);

-- --------------------------------------------------------

--
-- Table structure for table `groups`
--

CREATE TABLE `groups` (
  `id` mediumint(8) UNSIGNED NOT NULL,
  `name` varchar(20) NOT NULL,
  `description` varchar(100) NOT NULL
) ENGINE=InnoDB DEFAULT CHARSET=utf8;

--
-- Dumping data for table `groups`
--

INSERT INTO `groups` (`id`, `name`, `description`) VALUES
(1, 'admin', 'Administrator'),
(2, 'members', 'General User');

-- --------------------------------------------------------

--
-- Table structure for table `login_attempts`
--

CREATE TABLE `login_attempts` (
  `id` int(11) UNSIGNED NOT NULL,
  `ip_address` varchar(45) NOT NULL,
  `login` varchar(100) NOT NULL,
  `time` int(11) UNSIGNED DEFAULT NULL
) ENGINE=InnoDB DEFAULT CHARSET=utf8;

-- --------------------------------------------------------

--
-- Table structure for table `post`
--

CREATE TABLE `post` (
  `id` int(11) NOT NULL,
  `post_category_id` int(11) NOT NULL,
  `slug` varchar(255) COLLATE utf8mb4_unicode_ci NOT NULL,
  `avatar` text COLLATE utf8mb4_unicode_ci NOT NULL,
  `image` text COLLATE utf8mb4_unicode_ci NOT NULL,
  `created_at` datetime NOT NULL,
  `created_by` varchar(100) COLLATE utf8mb4_unicode_ci NOT NULL,
  `updated_at` datetime NOT NULL,
  `updated_by` varchar(100) COLLATE utf8mb4_unicode_ci NOT NULL,
  `is_deleted` tinyint(4) NOT NULL DEFAULT '0'
) ENGINE=InnoDB DEFAULT CHARSET=utf8mb4 COLLATE=utf8mb4_unicode_ci;

--
-- Dumping data for table `post`
--

INSERT INTO `post` (`id`, `post_category_id`, `slug`, `avatar`, `image`, `created_at`, `created_by`, `updated_at`, `updated_by`, `is_deleted`) VALUES
(4, 12, 'ttes', '', 'db2d37b17daac4b8bbdda7c1842453b8.jpg', '2018-04-27 16:25:04', 'administrator', '2018-04-27 16:25:04', 'administrator', 0),
(5, 12, 'tin-tuc', '', '21c0a283f4027aa0cfa650f48443c7d4.jpg', '2018-04-28 02:18:14', 'administrator', '2018-04-28 02:18:14', 'administrator', 0),
(6, 15, 'a', '', '52331c0c4d01492bfa0dcc11ffc2e6bf.jpg', '2018-05-03 10:08:47', 'administrator', '2018-05-03 10:08:47', 'administrator', 0),
(7, 15, 'a-1', '', 'c176d8ab7043eb44b7e4865bf4e756c8.jpg', '2018-05-03 10:09:37', 'administrator', '2018-05-03 10:09:37', 'administrator', 0),
(8, 11, 'adas', '', '66ef4943dd5c6a4853fef90925540b57.jpg', '2018-05-03 10:11:38', 'administrator', '2018-05-03 10:11:38', 'administrator', 0);

-- --------------------------------------------------------

--
-- Table structure for table `post_category`
--

CREATE TABLE `post_category` (
  `id` int(11) NOT NULL,
  `slug` varchar(255) COLLATE utf8mb4_unicode_ci NOT NULL,
  `parent_id` int(11) NOT NULL,
  `is_deleted` tinyint(4) NOT NULL DEFAULT '0',
  `created_at` datetime NOT NULL,
  `created_by` varchar(100) COLLATE utf8mb4_unicode_ci NOT NULL,
  `updated_at` datetime NOT NULL,
  `updated_by` varchar(100) COLLATE utf8mb4_unicode_ci NOT NULL,
  `project` varchar(255) COLLATE utf8mb4_unicode_ci NOT NULL,
  `image` text COLLATE utf8mb4_unicode_ci,
  `sort` tinyint(4) DEFAULT NULL
) ENGINE=InnoDB DEFAULT CHARSET=utf8mb4 COLLATE=utf8mb4_unicode_ci;

--
-- Dumping data for table `post_category`
--

INSERT INTO `post_category` (`id`, `slug`, `parent_id`, `is_deleted`, `created_at`, `created_by`, `updated_at`, `updated_by`, `project`, `image`, `sort`) VALUES
(11, 'bai-viet', 0, 0, '2018-04-27 09:49:03', 'administrator', '2018-04-27 09:49:03', 'administrator', '', 'dcca43f30cfb72c84e5197876cbc808e.jpg', 1),
(12, 'tin-tuc', 11, 0, '2018-04-27 09:50:55', 'administrator', '2018-04-27 09:50:55', 'administrator', '', '88a1ef654d8b193a2c36092f262e55ab.jpeg', 1),
(13, 'tuyen-dung', 11, 0, '2018-04-27 14:28:11', 'administrator', '2018-04-27 14:28:11', 'administrator', '', '90a000e8274d2093af64489849d7c8a6.jpg', 2),
(14, 'test', 0, 0, '2018-05-02 01:07:00', 'administrator', '2018-05-02 01:07:00', 'administrator', '', 'af0a7ac7f6b9fdde369ad022fb64e4e6.jpeg', 2),
(15, '1', 13, 0, '2018-05-02 10:34:59', 'administrator', '2018-05-02 10:34:59', 'administrator', '', 'dfeec7b73f4731a55197f8636efab961.jpg', 3);

-- --------------------------------------------------------

--
-- Table structure for table `post_category_lang`
--

CREATE TABLE `post_category_lang` (
  `id` int(11) NOT NULL,
  `post_category_id` int(11) NOT NULL,
  `title` varchar(255) COLLATE utf8mb4_unicode_ci NOT NULL,
  `language` varchar(100) COLLATE utf8mb4_unicode_ci NOT NULL
) ENGINE=InnoDB DEFAULT CHARSET=utf8mb4 COLLATE=utf8mb4_unicode_ci;

--
-- Dumping data for table `post_category_lang`
--

INSERT INTO `post_category_lang` (`id`, `post_category_id`, `title`, `language`) VALUES
(25, 11, 'Bài viết', 'vi'),
(26, 11, 'Blog', 'en'),
(27, 12, 'Tin tức', 'vi'),
(28, 12, 'News', 'en'),
(29, 13, ' Tuyển dụng', 'vi'),
(30, 13, 'Recruitment          ', 'en'),
(31, 14, 'test', 'vi'),
(32, 14, 'test', 'en'),
(33, 15, '1', 'vi'),
(34, 15, '1', 'en');

-- --------------------------------------------------------

--
-- Table structure for table `post_lang`
--

CREATE TABLE `post_lang` (
  `id` int(11) NOT NULL,
  `post_id` int(11) NOT NULL,
  `title` varchar(255) COLLATE utf8mb4_unicode_ci NOT NULL,
  `description` text COLLATE utf8mb4_unicode_ci NOT NULL,
  `content` text COLLATE utf8mb4_unicode_ci NOT NULL,
  `language` varchar(100) COLLATE utf8mb4_unicode_ci NOT NULL
) ENGINE=InnoDB DEFAULT CHARSET=utf8mb4 COLLATE=utf8mb4_unicode_ci;

--
-- Dumping data for table `post_lang`
--

INSERT INTO `post_lang` (`id`, `post_id`, `title`, `description`, `content`, `language`) VALUES
(5, 4, '  ttes', '  aasdas', '<p>asdasd</p>', 'vi'),
(6, 4, 'test  ', ' asdasd ', '<p>asdasdas</p>', 'en'),
(7, 5, 'tin tuc', 'tin tuc', '<p>tin tuc</p>', 'vi'),
(8, 5, 'news', 'news', '<p>news</p>', 'en'),
(9, 6, 'a', 'a', '<p>a</p>', 'vi'),
(10, 6, 'a', 'a', '<p>a</p>', 'en'),
(11, 7, 'a', 'a', '<p>a</p>', 'vi'),
(12, 7, 'a', 'a', '<p>a</p>', 'en'),
(13, 8, 'ádas', 'ád', '', 'vi'),
(14, 8, 'ádasd', '', '', 'en');

-- --------------------------------------------------------

--
-- Table structure for table `users`
--

CREATE TABLE `users` (
  `id` int(11) UNSIGNED NOT NULL,
  `ip_address` varchar(45) NOT NULL,
  `username` varchar(100) DEFAULT NULL,
  `password` varchar(255) NOT NULL,
  `salt` varchar(255) DEFAULT NULL,
  `email` varchar(254) NOT NULL,
  `activation_code` varchar(40) DEFAULT NULL,
  `forgotten_password_code` varchar(40) DEFAULT NULL,
  `forgotten_password_time` int(11) UNSIGNED DEFAULT NULL,
  `remember_code` varchar(40) DEFAULT NULL,
  `created_on` int(11) UNSIGNED NOT NULL,
  `last_login` int(11) UNSIGNED DEFAULT NULL,
  `active` tinyint(1) UNSIGNED DEFAULT NULL,
  `first_name` varchar(50) DEFAULT NULL,
  `last_name` varchar(50) DEFAULT NULL,
  `company` varchar(100) DEFAULT NULL,
  `phone` varchar(20) DEFAULT NULL
) ENGINE=InnoDB DEFAULT CHARSET=utf8;

--
-- Dumping data for table `users`
--

INSERT INTO `users` (`id`, `ip_address`, `username`, `password`, `salt`, `email`, `activation_code`, `forgotten_password_code`, `forgotten_password_time`, `remember_code`, `created_on`, `last_login`, `active`, `first_name`, `last_name`, `company`, `phone`) VALUES
(1, '127.0.0.1', 'administrator', '$2a$07$SeBknntpZror9uyftVopmu61qg0ms8Qv1yV6FG.kQOSM.9QhmTo36', '', 'admin@admin.com', '', NULL, NULL, NULL, 1268889823, 1525316905, 1, 'Admin', 'istrator', 'ADMIN', '0');

-- --------------------------------------------------------

--
-- Table structure for table `users_groups`
--

CREATE TABLE `users_groups` (
  `id` int(11) UNSIGNED NOT NULL,
  `user_id` int(11) UNSIGNED NOT NULL,
  `group_id` mediumint(8) UNSIGNED NOT NULL
) ENGINE=InnoDB DEFAULT CHARSET=utf8;

--
-- Dumping data for table `users_groups`
--

INSERT INTO `users_groups` (`id`, `user_id`, `group_id`) VALUES
(1, 1, 1),
(2, 1, 2);

--
-- Indexes for dumped tables
--

--
-- Indexes for table `ci_sessions`
--
ALTER TABLE `ci_sessions`
  ADD PRIMARY KEY (`id`),
  ADD KEY `ci_sessions_timestamp` (`timestamp`);

--
-- Indexes for table `groups`
--
ALTER TABLE `groups`
  ADD PRIMARY KEY (`id`);

--
-- Indexes for table `login_attempts`
--
ALTER TABLE `login_attempts`
  ADD PRIMARY KEY (`id`);

--
-- Indexes for table `post`
--
ALTER TABLE `post`
  ADD PRIMARY KEY (`id`),
  ADD KEY `post_category_id` (`post_category_id`);

--
-- Indexes for table `post_category`
--
ALTER TABLE `post_category`
  ADD PRIMARY KEY (`id`);

--
-- Indexes for table `post_category_lang`
--
ALTER TABLE `post_category_lang`
  ADD PRIMARY KEY (`id`),
  ADD KEY `post_category_id` (`post_category_id`);

--
-- Indexes for table `post_lang`
--
ALTER TABLE `post_lang`
  ADD PRIMARY KEY (`id`),
  ADD KEY `post_id` (`post_id`);

--
-- Indexes for table `users`
--
ALTER TABLE `users`
  ADD PRIMARY KEY (`id`);

--
-- Indexes for table `users_groups`
--
ALTER TABLE `users_groups`
  ADD PRIMARY KEY (`id`),
  ADD UNIQUE KEY `uc_users_groups` (`user_id`,`group_id`),
  ADD KEY `fk_users_groups_users1_idx` (`user_id`),
  ADD KEY `fk_users_groups_groups1_idx` (`group_id`);

--
-- AUTO_INCREMENT for dumped tables
--

--
-- AUTO_INCREMENT for table `groups`
--
ALTER TABLE `groups`
  MODIFY `id` mediumint(8) UNSIGNED NOT NULL AUTO_INCREMENT, AUTO_INCREMENT=3;

--
-- AUTO_INCREMENT for table `login_attempts`
--
ALTER TABLE `login_attempts`
  MODIFY `id` int(11) UNSIGNED NOT NULL AUTO_INCREMENT;

--
-- AUTO_INCREMENT for table `post`
--
ALTER TABLE `post`
  MODIFY `id` int(11) NOT NULL AUTO_INCREMENT, AUTO_INCREMENT=9;

--
-- AUTO_INCREMENT for table `post_category`
--
ALTER TABLE `post_category`
  MODIFY `id` int(11) NOT NULL AUTO_INCREMENT, AUTO_INCREMENT=16;

--
-- AUTO_INCREMENT for table `post_category_lang`
--
ALTER TABLE `post_category_lang`
  MODIFY `id` int(11) NOT NULL AUTO_INCREMENT, AUTO_INCREMENT=35;

--
-- AUTO_INCREMENT for table `post_lang`
--
ALTER TABLE `post_lang`
  MODIFY `id` int(11) NOT NULL AUTO_INCREMENT, AUTO_INCREMENT=15;

--
-- AUTO_INCREMENT for table `users`
--
ALTER TABLE `users`
  MODIFY `id` int(11) UNSIGNED NOT NULL AUTO_INCREMENT, AUTO_INCREMENT=2;

--
-- AUTO_INCREMENT for table `users_groups`
--
ALTER TABLE `users_groups`
  MODIFY `id` int(11) UNSIGNED NOT NULL AUTO_INCREMENT, AUTO_INCREMENT=3;

--
-- Constraints for dumped tables
--

--
-- Constraints for table `post`
--
ALTER TABLE `post`
  ADD CONSTRAINT `post_ibfk_1` FOREIGN KEY (`post_category_id`) REFERENCES `post_category` (`id`);

--
-- Constraints for table `post_category_lang`
--
ALTER TABLE `post_category_lang`
  ADD CONSTRAINT `post_category_lang_ibfk_1` FOREIGN KEY (`post_category_id`) REFERENCES `post_category` (`id`);

--
-- Constraints for table `post_lang`
--
ALTER TABLE `post_lang`
  ADD CONSTRAINT `post_lang_ibfk_1` FOREIGN KEY (`post_id`) REFERENCES `post` (`id`);

--
-- Constraints for table `users_groups`
--
ALTER TABLE `users_groups`
  ADD CONSTRAINT `fk_users_groups_groups1` FOREIGN KEY (`group_id`) REFERENCES `groups` (`id`) ON DELETE CASCADE ON UPDATE NO ACTION,
  ADD CONSTRAINT `fk_users_groups_users1` FOREIGN KEY (`user_id`) REFERENCES `users` (`id`) ON DELETE CASCADE ON UPDATE NO ACTION;
COMMIT;

/*!40101 SET CHARACTER_SET_CLIENT=@OLD_CHARACTER_SET_CLIENT */;
/*!40101 SET CHARACTER_SET_RESULTS=@OLD_CHARACTER_SET_RESULTS */;
/*!40101 SET COLLATION_CONNECTION=@OLD_COLLATION_CONNECTION */;
